{
  "__type__": "cc.SpriteFrame",
  "content": {
    "name": "light",
    "atlas": "",
    "rect": {
      "x": 30,
      "y": 18,
      "width": 458,
      "height": 460
    },
    "offset": {
      "x": 3,
      "y": 8
    },
    "originalSize": {
      "width": 512,
      "height": 512
    },
    "rotated": false,
    "capInsets": [
      0,
      0,
      0,
      0
    ],
    "vertices": {
      "rawPosition": [
        -229,
        -230,
        0,
        229,
        -230,
        0,
        -229,
        230,
        0,
        229,
        230,
        0
      ],
      "indexes": [
        0,
        1,
        2,
        2,
        1,
        3
      ],
      "uv": [
        30,
        494,
        488,
        494,
        30,
        34,
        488,
        34
      ],
      "nuv": [
        0.05859375,
        0.06640625,
        0.953125,
        0.06640625,
        0.05859375,
        0.96484375,
        0.953125,
        0.96484375
      ],
      "minPos": {
        "x": -229,
        "y": -230,
        "z": 0
      },
      "maxPos": {
        "x": 229,
        "y": 230,
        "z": 0
      }
    },
    "texture": "546b89ac-8bd5-429d-a617-e040a84a7b18@6c48a",
    "packable": true,
    "pixelsToUnit": 100,
    "pivot": {
      "x": 0.5,
      "y": 0.5
    },
    "meshType": 0
  }
}