{
  "__type__": "cc.SpriteFrame",
  "content": {
    "name": "konus1",
    "atlas": "",
    "rect": {
      "x": 0,
      "y": 0,
      "width": 118,
      "height": 135
    },
    "offset": {
      "x": -0.5,
      "y": 0
    },
    "originalSize": {
      "width": 119,
      "height": 135
    },
    "rotated": false,
    "capInsets": [
      0,
      0,
      0,
      0
    ],
    "vertices": {
      "rawPosition": [
        -59,
        -67.5,
        0,
        59,
        -67.5,
        0,
        -59,
        67.5,
        0,
        59,
        67.5,
        0
      ],
      "indexes": [
        0,
        1,
        2,
        2,
        1,
        3
      ],
      "uv": [
        0,
        135,
        118,
        135,
        0,
        0,
        118,
        0
      ],
      "nuv": [
        0,
        0,
        0.9915966386554622,
        0,
        0,
        1,
        0.9915966386554622,
        1
      ],
      "minPos": {
        "x": -59,
        "y": -67.5,
        "z": 0
      },
      "maxPos": {
        "x": 59,
        "y": 67.5,
        "z": 0
      }
    },
    "texture": "52966936-9347-43b7-b70d-dc272a08c628@6c48a",
    "packable": true,
    "pixelsToUnit": 100,
    "pivot": {
      "x": 0.5,
      "y": 0.5
    },
    "meshType": 0
  }
}