{
  "__type__": "cc.SpriteFrame",
  "content": {
    "name": "paypal",
    "atlas": "",
    "rect": {
      "x": 0,
      "y": 0,
      "width": 806,
      "height": 551
    },
    "offset": {
      "x": -1,
      "y": 0
    },
    "originalSize": {
      "width": 808,
      "height": 551
    },
    "rotated": false,
    "capInsets": [
      0,
      0,
      0,
      0
    ],
    "vertices": {
      "rawPosition": [
        -403,
        -275.5,
        0,
        403,
        -275.5,
        0,
        -403,
        275.5,
        0,
        403,
        275.5,
        0
      ],
      "indexes": [
        0,
        1,
        2,
        2,
        1,
        3
      ],
      "uv": [
        0,
        551,
        806,
        551,
        0,
        0,
        806,
        0
      ],
      "nuv": [
        0,
        0,
        0.9975247524752475,
        0,
        0,
        1,
        0.9975247524752475,
        1
      ],
      "minPos": {
        "x": -403,
        "y": -275.5,
        "z": 0
      },
      "maxPos": {
        "x": 403,
        "y": 275.5,
        "z": 0
      }
    },
    "texture": "fc63b424-5679-4bd1-bc95-7c4bda4033af@6c48a",
    "packable": true,
    "pixelsToUnit": 100,
    "pivot": {
      "x": 0.5,
      "y": 0.5
    },
    "meshType": 0
  }
}