{
  "__type__": "cc.SpriteFrame",
  "content": {
    "name": "pink",
    "atlas": "",
    "rect": {
      "x": 2,
      "y": 32,
      "width": 395,
      "height": 169
    },
    "offset": {
      "x": 1,
      "y": -16
    },
    "originalSize": {
      "width": 397,
      "height": 201
    },
    "rotated": false,
    "capInsets": [
      0,
      0,
      0,
      0
    ],
    "vertices": {
      "rawPosition": [
        -197.5,
        -84.5,
        0,
        197.5,
        -84.5,
        0,
        -197.5,
        84.5,
        0,
        197.5,
        84.5,
        0
      ],
      "indexes": [
        0,
        1,
        2,
        2,
        1,
        3
      ],
      "uv": [
        2,
        169,
        397,
        169,
        2,
        0,
        397,
        0
      ],
      "nuv": [
        0.005037783375314861,
        0,
        1,
        0,
        0.005037783375314861,
        0.8407960199004975,
        1,
        0.8407960199004975
      ],
      "minPos": {
        "x": -197.5,
        "y": -84.5,
        "z": 0
      },
      "maxPos": {
        "x": 197.5,
        "y": 84.5,
        "z": 0
      }
    },
    "texture": "25f04a82-c85e-4e0f-90ff-bfc3d2025c38@6c48a",
    "packable": true,
    "pixelsToUnit": 100,
    "pivot": {
      "x": 0.5,
      "y": 0.5
    },
    "meshType": 0
  }
}