{
  "__type__": "cc.SpriteFrame",
  "content": {
    "name": "konus",
    "atlas": "",
    "rect": {
      "x": 18,
      "y": 3,
      "width": 82,
      "height": 129
    },
    "offset": {
      "x": -0.5,
      "y": 0
    },
    "originalSize": {
      "width": 119,
      "height": 135
    },
    "rotated": false,
    "capInsets": [
      0,
      0,
      0,
      0
    ],
    "vertices": {
      "rawPosition": [
        -41,
        -64.5,
        0,
        41,
        -64.5,
        0,
        -41,
        64.5,
        0,
        41,
        64.5,
        0
      ],
      "indexes": [
        0,
        1,
        2,
        2,
        1,
        3
      ],
      "uv": [
        18,
        132,
        100,
        132,
        18,
        3,
        100,
        3
      ],
      "nuv": [
        0.15126050420168066,
        0.022222222222222223,
        0.8403361344537815,
        0.022222222222222223,
        0.15126050420168066,
        0.9777777777777777,
        0.8403361344537815,
        0.9777777777777777
      ],
      "minPos": {
        "x": -41,
        "y": -64.5,
        "z": 0
      },
      "maxPos": {
        "x": 41,
        "y": 64.5,
        "z": 0
      }
    },
    "texture": "d8f7479c-af3a-4dbf-b469-2c4aa14433bc@6c48a",
    "packable": true,
    "pixelsToUnit": 100,
    "pivot": {
      "x": 0.5,
      "y": 0.5
    },
    "meshType": 0
  }
}