{
  "__type__": "cc.SpriteFrame",
  "content": {
    "name": "heart",
    "atlas": "",
    "rect": {
      "x": 24,
      "y": 44,
      "width": 312,
      "height": 272
    },
    "offset": {
      "x": 0,
      "y": 0
    },
    "originalSize": {
      "width": 360,
      "height": 360
    },
    "rotated": false,
    "capInsets": [
      0,
      0,
      0,
      0
    ],
    "vertices": {
      "rawPosition": [
        -156,
        -136,
        0,
        156,
        -136,
        0,
        -156,
        136,
        0,
        156,
        136,
        0
      ],
      "indexes": [
        0,
        1,
        2,
        2,
        1,
        3
      ],
      "uv": [
        24,
        316,
        336,
        316,
        24,
        44,
        336,
        44
      ],
      "nuv": [
        0.06666666666666667,
        0.12222222222222222,
        0.9333333333333333,
        0.12222222222222222,
        0.06666666666666667,
        0.8777777777777778,
        0.9333333333333333,
        0.8777777777777778
      ],
      "minPos": {
        "x": -156,
        "y": -136,
        "z": 0
      },
      "maxPos": {
        "x": 156,
        "y": 136,
        "z": 0
      }
    },
    "texture": "7f3032f6-8b36-4384-b722-58a4971dcb5b@6c48a",
    "packable": true,
    "pixelsToUnit": 100,
    "pivot": {
      "x": 0.5,
      "y": 0.5
    },
    "meshType": 0
  }
}