{
  "gizmos-infos": {
    "is2D": true,
    "is3DIcon": false,
    "iconSize": 2,
    "gridVisible": true,
    "originAxis2D": {
      "x_visible": true,
      "y_visible": true,
      "z_visible": false
    },
    "originAxis3D": {
      "x_visible": true,
      "y_visible": false,
      "z_visible": true
    },
    "gridColor": [
      166,
      166,
      166,
      255
    ],
    "transformToolName": "position",
    "pivot": "pivot",
    "coordinate": "local",
    "toolsVisibility3d": true
  },
  "__version__": "1.0.3",
  "builder": {},
  "snap-configs": {
    "position": {
      "x": 1,
      "y": 1,
      "z": 1
    },
    "rotation": 1,
    "scale": 1,
    "isPositionSnapEnabled": false,
    "isRotationSnapEnabled": false,
    "isScaleSnapEnabled": false
  },
  "rect-snap-configs": {
    "enableSnapping": true,
    "snapThreshold": 4
  },
  "camera-infos": {
    "9f6346ee-3974-495a-acf9-1799b0b43862": {
      "position": {
        "x": 2131.2307851841565,
        "y": 788.0005236442915,
        "z": 5000
      },
      "rotation": {
        "x": 0,
        "y": 0,
        "z": 0,
        "w": 1
      },
      "viewCenter": {
        "x": 0,
        "y": 0,
        "z": 0
      },
      "contentRect": {
        "x": -294.6918333468316,
        "y": -597.0972090483189,
        "width": 1212,
        "height": 692
      },
      "scale": 0.24980186728584192
    },
    "ec5b8674-ade8-438d-96ba-62ea8e5e2e06": {
      "position": {
        "x": 165.408,
        "y": 481.92599999999993,
        "z": 5000
      },
      "rotation": {
        "x": 0,
        "y": 0,
        "z": 0,
        "w": 1
      },
      "viewCenter": {
        "x": 0,
        "y": 0,
        "z": 0
      },
      "contentRect": {
        "x": -160.0388265760984,
        "y": 324.30447590745064,
        "width": 1212,
        "height": 703
      },
      "scale": 1.86205533596838
    },
    "e6aed725-1ea0-47c3-87e9-51eae24d1666": {
      "position": {
        "x": 360,
        "y": 492.06100000000004,
        "z": 5000
      },
      "rotation": {
        "x": 0,
        "y": 0,
        "z": 0,
        "w": 1
      },
      "viewCenter": {
        "x": 0,
        "y": 0,
        "z": 0
      },
      "contentRect": {
        "x": 272.5,
        "y": 312.56100000000004,
        "width": 239.88161559888582,
        "height": 492.1
      },
      "scale": 1.3707520891364904
    },
    "de183333-cf34-42e5-9615-fcc34bc0192a": {
      "position": {
        "x": 360,
        "y": 640,
        "z": 5000
      },
      "rotation": {
        "x": 0,
        "y": 0,
        "z": 0,
        "w": 1
      },
      "viewCenter": {
        "x": 0,
        "y": 0,
        "z": 0
      },
      "contentRect": {
        "x": -82.09307051412313,
        "y": 447.7697622434465,
        "width": 1212,
        "height": 527
      },
      "scale": 1.3707520891364904
    },
    "4b370b55-dcc3-485e-8b9f-4279dd8ea429": {
      "position": {
        "x": 564.5021492368834,
        "y": 777.1466429144662,
        "z": 5000
      },
      "rotation": {
        "x": 0,
        "y": 0,
        "z": 0,
        "w": 1
      },
      "viewCenter": {
        "x": 0,
        "y": 0,
        "z": 0
      },
      "contentRect": {
        "x": -491.9758609079546,
        "y": 243.67754868291428,
        "width": 1212,
        "height": 612
      },
      "scale": 0.5736039881387786
    }
  },
  "camera-uuids": [
    "9f6346ee-3974-495a-acf9-1799b0b43862",
    "ec5b8674-ade8-438d-96ba-62ea8e5e2e06",
    "e6aed725-1ea0-47c3-87e9-51eae24d1666",
    "de183333-cf34-42e5-9615-fcc34bc0192a",
    "4b370b55-dcc3-485e-8b9f-4279dd8ea429"
  ],
  "camera": {
    "color": [
      48,
      48,
      48,
      255
    ],
    "fov": 45,
    "far": 10000,
    "near": 0.01,
    "wheelSpeed": 0.01,
    "wanderSpeed": 10,
    "enableAcceleration": true,
    "size": "__default_design__",
    "far2D": 10000,
    "near2D": 1,
    "wheelSpeed2D": 6,
    "iso": 0,
    "aperture": 19,
    "shutter": 7
  }
}
