{
  "gizmos-infos": {
    "is2D": true,
    "is3DIcon": false,
    "iconSize": 2,
    "gridVisible": true,
    "originAxis2D": {
      "x_visible": true,
      "y_visible": true,
      "z_visible": false
    },
    "originAxis3D": {
      "x_visible": true,
      "y_visible": false,
      "z_visible": true
    },
    "gridColor": [
      166,
      166,
      166,
      255
    ],
    "transformToolName": "position",
    "pivot": "pivot",
    "coordinate": "local",
    "toolsVisibility3d": true
  },
  "__version__": "1.0.3",
  "builder": {},
  "snap-configs": {
    "position": {
      "x": 1,
      "y": 1,
      "z": 1
    },
    "rotation": 1,
    "scale": 1,
    "isPositionSnapEnabled": false,
    "isRotationSnapEnabled": false,
    "isScaleSnapEnabled": false
  },
  "rect-snap-configs": {
    "enableSnapping": true,
    "snapThreshold": 4
  },
  "camera-infos": {
    "9f6346ee-3974-495a-acf9-1799b0b43862": {
      "position": {
        "x": 2131.2307851841565,
        "y": 788.0005236442915,
        "z": 5000
      },
      "rotation": {
        "x": 0,
        "y": 0,
        "z": 0,
        "w": 1
      },
      "viewCenter": {
        "x": 0,
        "y": 0,
        "z": 0
      },
      "contentRect": {
        "x": -294.6918333468316,
        "y": -597.0972090483189,
        "width": 1212,
        "height": 692
      },
      "scale": 0.24980186728584192
    },
    "e6aed725-1ea0-47c3-87e9-51eae24d1666": {
      "position": {
        "x": 360,
        "y": 492.06100000000004,
        "z": 5000
      },
      "rotation": {
        "x": 0,
        "y": 0,
        "z": 0,
        "w": 1
      },
      "viewCenter": {
        "x": 0,
        "y": 0,
        "z": 0
      },
      "contentRect": {
        "x": 272.5,
        "y": 312.56100000000004,
        "width": 239.88161559888582,
        "height": 492.1
      },
      "scale": 1.3707520891364904
    },
    "ec5b8674-ade8-438d-96ba-62ea8e5e2e06": {
      "position": {
        "x": 165.408,
        "y": 513.0743761409467,
        "z": 5000
      },
      "rotation": {
        "x": 0,
        "y": 0,
        "z": 0,
        "w": 1
      },
      "viewCenter": {
        "x": 0,
        "y": 0,
        "z": 0
      },
      "contentRect": {
        "x": -160.0388265760984,
        "y": 324.30447590745064,
        "width": 1212,
        "height": 703
      },
      "scale": 1.86205533596838
    },
    "de183333-cf34-42e5-9615-fcc34bc0192a": {
      "position": {
        "x": 360,
        "y": 640,
        "z": 5000
      },
      "rotation": {
        "x": 0,
        "y": 0,
        "z": 0,
        "w": 1
      },
      "viewCenter": {
        "x": 0,
        "y": 0,
        "z": 0
      },
      "contentRect": {
        "x": -82.09307051412313,
        "y": 447.7697622434465,
        "width": 1212,
        "height": 527
      },
      "scale": 1.3707520891364904
    },
    "45e7e9c8-617c-4ed1-9663-06beeb785254": {
      "position": {
        "x": 416.5008754399714,
        "y": 682.9831924030486,
        "z": 5000
      },
      "rotation": {
        "x": 0,
        "y": 0,
        "z": 0,
        "w": 1
      },
      "viewCenter": {
        "x": 0,
        "y": 0,
        "z": 0
      },
      "contentRect": {
        "x": 118.33730751104895,
        "y": 509.0544444445105,
        "width": 1212,
        "height": 707
      },
      "scale": 2.032441468987455
    },
    "17dee291-0e11-4fbb-83de-5624baaa7c60": {
      "position": {
        "x": 2379.952,
        "y": 475.01199999999994,
        "z": 5000
      },
      "rotation": {
        "x": 0,
        "y": 0,
        "z": 0,
        "w": 1
      },
      "viewCenter": {
        "x": 0,
        "y": 0,
        "z": 0
      },
      "contentRect": {
        "x": 2318.702,
        "y": 349.362,
        "width": 241.24651810584956,
        "height": 494.9
      },
      "scale": 1.969359331476323
    },
    "646ca225-5193-427b-a8cd-f9d6bc064e00": {
      "position": {
        "x": 1372.7265803405248,
        "y": 400.6672600899932,
        "z": 5000
      },
      "rotation": {
        "x": 0,
        "y": 0,
        "z": 0,
        "w": 1
      },
      "viewCenter": {
        "x": 0,
        "y": 0,
        "z": 0
      },
      "contentRect": {
        "x": 1272.7265803405248,
        "y": 350.6672600899932,
        "width": 848.4000000000002,
        "height": 424.2000000000001
      },
      "scale": 4.242000000000001
    },
    "f85ece44-209f-438c-bf3c-8c444292b13d": {
      "position": {
        "x": 969.8319999999999,
        "y": 418.697,
        "z": 5000
      },
      "rotation": {
        "x": 0,
        "y": 0,
        "z": 0,
        "w": 1
      },
      "viewCenter": {
        "x": 0,
        "y": 0,
        "z": 0
      },
      "contentRect": {
        "x": 879.832,
        "y": 358.697,
        "width": 742.3499999999995,
        "height": 494.9
      },
      "scale": 4.1241666666666665
    },
    "4b370b55-dcc3-485e-8b9f-4279dd8ea429": {
      "position": {
        "x": 538.7923649699883,
        "y": 715.756398119898,
        "z": 5000
      },
      "rotation": {
        "x": 0,
        "y": 0,
        "z": 0,
        "w": 1
      },
      "viewCenter": {
        "x": 0,
        "y": 0,
        "z": 0
      },
      "contentRect": {
        "x": -904.3991272636399,
        "y": -126.10530568305184,
        "width": 1212,
        "height": 707
      },
      "scale": 0.4199026970856747
    }
  },
  "camera-uuids": [
    "9f6346ee-3974-495a-acf9-1799b0b43862",
    "e6aed725-1ea0-47c3-87e9-51eae24d1666",
    "ec5b8674-ade8-438d-96ba-62ea8e5e2e06",
    "de183333-cf34-42e5-9615-fcc34bc0192a",
    "45e7e9c8-617c-4ed1-9663-06beeb785254",
    "17dee291-0e11-4fbb-83de-5624baaa7c60",
    "646ca225-5193-427b-a8cd-f9d6bc064e00",
    "f85ece44-209f-438c-bf3c-8c444292b13d",
    "4b370b55-dcc3-485e-8b9f-4279dd8ea429"
  ],
  "camera": {
    "color": [
      48,
      48,
      48,
      255
    ],
    "fov": 45,
    "far": 10000,
    "near": 0.01,
    "wheelSpeed": 0.01,
    "wanderSpeed": 10,
    "enableAcceleration": true,
    "size": "__default_design__",
    "far2D": 10000,
    "near2D": 1,
    "wheelSpeed2D": 6,
    "iso": 0,
    "aperture": 19,
    "shutter": 7
  }
}
