{
  "__type__": "cc.SpriteFrame",
  "content": {
    "name": "cursor",
    "atlas": "",
    "rect": {
      "x": 366,
      "y": 27,
      "width": 863,
      "height": 1212
    },
    "offset": {
      "x": 11.5,
      "y": 105.5
    },
    "originalSize": {
      "width": 1572,
      "height": 1477
    },
    "rotated": false,
    "capInsets": [
      0,
      0,
      0,
      0
    ],
    "vertices": {
      "rawPosition": [
        -431.5,
        -606,
        0,
        431.5,
        -606,
        0,
        -431.5,
        606,
        0,
        431.5,
        606,
        0
      ],
      "indexes": [
        0,
        1,
        2,
        2,
        1,
        3
      ],
      "uv": [
        366,
        1450,
        1229,
        1450,
        366,
        238,
        1229,
        238
      ],
      "nuv": [
        0.23282442748091603,
        0.16113744075829384,
        0.7818066157760815,
        0.16113744075829384,
        0.23282442748091603,
        0.9817197020988491,
        0.7818066157760815,
        0.9817197020988491
      ],
      "minPos": {
        "x": -431.5,
        "y": -606,
        "z": 0
      },
      "maxPos": {
        "x": 431.5,
        "y": 606,
        "z": 0
      }
    },
    "texture": "4f46e7dd-825a-46fc-9304-6b0cfba9884c@6c48a",
    "packable": true,
    "pixelsToUnit": 100,
    "pivot": {
      "x": 0.5,
      "y": 0.5
    },
    "meshType": 0
  }
}