{
  "__type__": "cc.SpriteFrame",
  "content": {
    "name": "cash",
    "atlas": "",
    "rect": {
      "x": 128,
      "y": 294,
      "width": 769,
      "height": 439
    },
    "offset": {
      "x": 0.5,
      "y": -1.5
    },
    "originalSize": {
      "width": 1024,
      "height": 1024
    },
    "rotated": false,
    "capInsets": [
      0,
      0,
      0,
      0
    ],
    "vertices": {
      "rawPosition": [
        -384.5,
        -219.5,
        0,
        384.5,
        -219.5,
        0,
        -384.5,
        219.5,
        0,
        384.5,
        219.5,
        0
      ],
      "indexes": [
        0,
        1,
        2,
        2,
        1,
        3
      ],
      "uv": [
        128,
        730,
        897,
        730,
        128,
        291,
        897,
        291
      ],
      "nuv": [
        0.125,
        0.2841796875,
        0.8759765625,
        0.2841796875,
        0.125,
        0.712890625,
        0.8759765625,
        0.712890625
      ],
      "minPos": {
        "x": -384.5,
        "y": -219.5,
        "z": 0
      },
      "maxPos": {
        "x": 384.5,
        "y": 219.5,
        "z": 0
      }
    },
    "texture": "7886cdc5-5b9d-40d4-a364-5da0526b876c@6c48a",
    "packable": true,
    "pixelsToUnit": 100,
    "pivot": {
      "x": 0.5,
      "y": 0.5
    },
    "meshType": 0
  }
}