{
  "__type__": "cc.SpriteFrame",
  "content": {
    "name": "paypal score",
    "atlas": "",
    "rect": {
      "x": 7,
      "y": 76,
      "width": 794,
      "height": 400
    },
    "offset": {
      "x": 0,
      "y": -0.5
    },
    "originalSize": {
      "width": 808,
      "height": 551
    },
    "rotated": false,
    "capInsets": [
      0,
      0,
      0,
      0
    ],
    "vertices": {
      "rawPosition": [
        -397,
        -200,
        0,
        397,
        -200,
        0,
        -397,
        200,
        0,
        397,
        200,
        0
      ],
      "indexes": [
        0,
        1,
        2,
        2,
        1,
        3
      ],
      "uv": [
        7,
        475,
        801,
        475,
        7,
        75,
        801,
        75
      ],
      "nuv": [
        0.008663366336633664,
        0.13611615245009073,
        0.9913366336633663,
        0.13611615245009073,
        0.008663366336633664,
        0.8620689655172413,
        0.9913366336633663,
        0.8620689655172413
      ],
      "minPos": {
        "x": -397,
        "y": -200,
        "z": 0
      },
      "maxPos": {
        "x": 397,
        "y": 200,
        "z": 0
      }
    },
    "texture": "510c438f-bc3d-443a-a05e-a8b1953387d7@6c48a",
    "packable": true,
    "pixelsToUnit": 100,
    "pivot": {
      "x": 0.5,
      "y": 0.5
    },
    "meshType": 0
  }
}